int_id,int_name,whatsapp,address,postal_code,special_note
1,Thadeus MacLaren,1001450583,53549 Mayfield Point,5914,
2,Johan Ahrens,1446996252,6887 Twin Pines Crossing,6975,
3,Holly Frediani,6626737305,3 Autumn Leaf Drive,4587,
4,Karoline M'Chirrie,1717615496,711 Hooker Pass,6654,
5,Amelita O'Dulchonta,4936369371,14 Center Street,3020,
6,Gizela Bullock,2992736988,4 Rusk Center,5546,
7,Jayson Antonioni,9849311591,79 Pawling Center,2189,
8,Aksel McCraw,3996201668,177 Granby Circle,3814,
9,Mitchael Ashe,3755341467,07 Calypso Point,3073,
10,Moses Alwin,5236519224,6441 Victoria Drive,5883,
11,Dalston Smooth,9288402461,457 Hooker Pass,4514,
12,Inna Garrie,3979777271,027 Oakridge Crossing,2164,
13,Berke Mullaney,1242866675,31223 Pankratz Street,6024,
14,Cull Rutley,3656411058,9147 Mcguire Crossing,1367,
15,Reinaldo McCraine,5894080522,3 Garrison Drive,2755,
16,Marti Grady,3181282320,1156 Butternut Place,6648,
17,Sofie Lafrentz,6975352916,305 Toban Avenue,1501,
18,Elihu McKniely,9379915323,995 Holy Cross Court,9889,
19,Abbot Berkely,6954813836,66941 Lakewood Gardens Drive,7721,
20,Fenelia Porteous,6606728085,70 Schlimgen Plaza,3320,
21,Colin Fishlee,9116720138,3931 Anthes Park,5407,
22,Rae Martusewicz,8725876226,8689 Texas Junction,3073,
23,Karolina Praton,6057633931,8 Marquette Lane,5883,
24,Davida Gavahan,2443996111,9 Monica Avenue,4514,
25,Shanon Kubicki,2113372753,078 Norway Maple Plaza,3546,
26,Hill Pring,3439820217,5 Chinook Road,1156,
27,Terri-jo O'Lahy,5835029058,22 Jenna Parkway,6621,
28,Wiatt Acreman,1953863073,96 Lotheville Plaza,8973,
29,Leonardo Treend,9334138204,7794 Melrose Crossing,8114,
30,Eward Paris,8072127632,5197 Dryden Point,2558,
31,Dorie Holbury,1812340185,815 American Ash Pass,1210,
32,Westleigh Robben,6342157009,16210 Beilfuss Circle,6637,
33,Portia Denisovich,2381511836,5029 Sheridan Street,2440,
34,Adan Kail,9292735426,4123 Sunnyside Alley,6697,
35,Leonore Truce,9694502223,52743 Hauk Pass,6354,
